<?xml version="1.0" encoding="UTF-8"?>

<access
	xmlns="http://com.francetelecom.clara.security" 
	xmlns:xsi="http://www.w3.org/2001/XMLSchema-instance"
	xsi:schemaLocation="http://com.francetelecom.clara.security access.xsd">
	
	<realms>
		<realm name="administrateurRealm" path="URI::/">
		</realm>
		
		<realm name="gestionnaireRealm" path="URI::/">
		</realm>
	</realms>
	
	<roles>
		<role name="administrateur">
			<allow-realm name="administrateurRealm"/>
		</role>

		<role name="gestionnaire">
			<allow-resource name="gestionnaireRealm"/>
		</role>
	</roles>
</access>
