<?xml version="1.0" encoding="UTF-8"?>
<users
	xmlns="http://com.francetelecom.clara.security" 
	xmlns:xsi="http://www.w3.org/2001/XMLSchema-instance"
	xsi:schemaLocation="http://com.francetelecom.clara.security users.xsd">
	
	<user id="adm" login="adm" password="adm">
		<properties>
			<property name="ftusersn" value="Van Damme"/>
			<property name="ftusergivenname" value="Jean-Claude"/>
		</properties>
		<has-role>administrateur</has-role>
	</user>
	<user id="usr" login="usr" password="usr">
		<properties>
			<property name="ftusersn" value="Dusse"/>
			<property name="ftusergivenname" value="Jean-Claude"/>
		</properties>
		<has-role>utilisateur</has-role>
	</user>
</users>

