<!DOCTYPE ui:UiBinder SYSTEM "http://dl.google.com/gwt/DTD/xhtml.ent">
<ui:UiBinder xmlns:ui="urn:ui:com.google.gwt.uibinder"
	xmlns:g="urn:import:com.google.gwt.user.client.ui"
	xmlns:w="urn:import:com.francetelecom.protosig.presentation.client.widget">
	<g:FlowPanel styleName="root">
		<g:Label styleName="info" ui:field="infoMessage" visible="false" />
		<g:SimplePanel ui:field="sideBarContainer" styleName="sideBarContainer" />
		<g:SimplePanel ui:field="contentContainer" styleName="contentContainer" />
		<g:SimplePanel ui:field="footerContainer" styleName="footerContainer" />
		<w:EditCustomerWidget ui:field="editCustomerWidget" visible="false"/>
		<w:EditPcWidget ui:field="editPcWidget" visible="false"/>
	</g:FlowPanel>
</ui:UiBinder>
