<?xml version="1.0" encoding="UTF-8"?>
<beans xmlns="http://www.springframework.org/schema/beans"
	xmlns:xsi="http://www.w3.org/2001/XMLSchema-instance"
	xsi:schemaLocation="http://www.springframework.org/schema/beans
    http://www.springframework.org/schema/beans/spring-beans-3.0.xsd">
	<!-- ********************************* Mapping des objets ********************************* -->
	<bean id="dozerMapper" class="org.dozer.DozerBeanMapper" scope="singleton">
		<property name="mappingFiles">
			<list>
				<value>dozer-configuration.xml</value>
				<value>dto-po-mappings.xml</value>
				<value>dto-so-mappings.xml</value>
			</list>
		</property>
	</bean>
</beans>