<?xml version="1.0" encoding="UTF-8"?>
<beans xmlns="http://www.springframework.org/schema/beans"
	xmlns:xsi="http://www.w3.org/2001/XMLSchema-instance" xmlns:context="http://www.springframework.org/schema/context"
	xmlns:aop="http://www.springframework.org/schema/aop" xmlns:tx="http://www.springframework.org/schema/tx"
	xsi:schemaLocation="http://www.springframework.org/schema/beans http://www.springframework.org/schema/beans/spring-beans-3.0.xsd
		http://www.springframework.org/schema/context http://www.springframework.org/schema/context/spring-context-3.0.xsd
		http://www.springframework.org/schema/tx http://www.springframework.org/schema/tx/spring-tx-3.0.xsd http://www.springframework.org/schema/aop http://www.springframework.org/schema/aop/spring-aop-3.0.xsd">

	
	<!-- Injection automatique de l'entity manager pour les classes avec annotation 
		@PersistenceContext -->
	<context:annotation-config />
	
	<!-- entityManagerFactory initialisation -->
	<bean id="protosigEntityManagerFactory"
		class="org.springframework.orm.jpa.LocalContainerEntityManagerFactoryBean">
		<property name="persistenceProviderClass">
			<value>org.hibernate.ejb.HibernatePersistence</value>
		</property>
		
		<property name="persistenceUnitName">
			<value>protosigPersistenceUnit</value>
		</property>
		<!-- Default value is "classpath*:META-INF/persistence.xml". This changes default
			filename, to avoid JPA container implementation (jonas or weblogic) to use it.
			The file is located within the persistence jar file, here within the 
			protosig-model module -->
		<property name="persistenceXmlLocation">
			<value>classpath:META-INF/persistence-mysql.xml</value>
		</property>
	</bean>

	<!-- inject an EntityManager in subclasses of GenericDao, which includes 
		@PersistenceContext annotation -->
	<bean
		class="org.springframework.orm.jpa.support.PersistenceAnnotationBeanPostProcessor" />

	<!-- convert database exception to Spring DataAccessException for every class with 
		@Repository annotation -->
	<bean
		class="org.springframework.dao.annotation.PersistenceExceptionTranslationPostProcessor" />
		

</beans>