<?xml version="1.0" encoding="UTF-8" ?>
<configuration scan="true">
  <property name="destination" value="${catalina.base:-./temp}/logs/${appName:-protosig}" />

  <appender name="ROLLING" class="ch.qos.logback.core.rolling.RollingFileAppender">
    <file>${destination}.log</file>
    <rollingPolicy class="ch.qos.logback.core.rolling.TimeBasedRollingPolicy">
      <!-- rollover daily -->
      <fileNamePattern>${destination}-%d{yyyy-MM-dd}.%i.log</fileNamePattern>
      <!-- Keep logs for 7 days -->
      <maxHistory>7</maxHistory>

      <timeBasedFileNamingAndTriggeringPolicy
            class="ch.qos.logback.core.rolling.SizeAndTimeBasedFNATP">
        <!-- or whenever the file size reaches 100MB -->
        <maxFileSize>100MB</maxFileSize>
      </timeBasedFileNamingAndTriggeringPolicy>
    </rollingPolicy>
    <encoder>
      <pattern>%d{HH:mm:ss.SSS} [%thread] %-5level %logger{36} - %msg%n</pattern>
    </encoder>
  </appender>

  <root level="debug">
    <appender-ref ref="ROLLING" />
  </root>
</configuration>