<?xml version="1.0" encoding="UTF-8"?>
<module>
	<!-- Inherit the core Web Toolkit stuff. -->
	<inherits name='com.google.gwt.activity.Activity' />
	<inherits name='com.google.gwt.user.User' />
	<inherits name="com.google.gwt.i18n.I18N" />
	<inherits name="com.google.gwt.json.JSON" />
	<inherits name='com.google.gwt.user.theme.standard.Standard' />
	<inherits name="com.google.web.bindery.autobean.AutoBean" />

	<!-- Add Model module for compilation -->
	<inherits name="com.francetelecom.protosig.model.Model" />

	<!-- set locale -->
	<extend-property name="locale" values="fr_FR" />
	<set-property-fallback name="locale" value="fr_FR" />

	<!-- Specify the app entry point class. -->
	<entry-point
		class='com.francetelecom.protosig.presentation.client.Application' />


	<!-- CSS stylesheet to use in the application -->
	<set-property name="user.agent" value="gecko1_8,ie8,ie6,safari" />

	<!-- Specify the paths for translatable code -->
	<source path='client' />
	<source path='shared' />

	<!-- bing api -->
	<script
		src="http://ecn.dev.virtualearth.net/mapcontrol/mapcontrol.ashx?v=7.0" />
</module>
