<?xml version="1.0" encoding="UTF-8"?>
<beans xmlns="http://www.springframework.org/schema/beans"
	xmlns:xsi="http://www.w3.org/2001/XMLSchema-instance"
	xsi:schemaLocation="http://www.springframework.org/schema/beans
    http://www.springframework.org/schema/beans/spring-beans-3.0.xsd">

	<!-- entityManagerFactory initialisation -->
	<bean id="protosigEntityManagerFactory"
		class="org.springframework.orm.jpa.LocalContainerEntityManagerFactoryBean">
		<property name="persistenceProviderClass">
			<value>org.hibernate.ejb.HibernatePersistence</value>
		</property>
		<!-- Default value is "classpath*:META-INF/persistence.xml". This changes default
			filename, to avoid JPA container implementation (jonas or weblogic) to use it.
			The file is located within the persistence jar file, here within the 
			protosig-model module -->
		<property name="persistenceXmlLocation">
			<value>classpath:META-INF/persistence-mysql-hosted.xml</value>
		</property>
	</bean>

	<!-- inject an EntityManager in subclasses of GenericDao, which includes 
		@PersistenceContext annotation -->
	<bean
		class="org.springframework.orm.jpa.support.PersistenceAnnotationBeanPostProcessor" />

	<!-- convert database exception to Spring DataAccessException for every class with 
		@Repository annotation -->
	<bean
		class="org.springframework.dao.annotation.PersistenceExceptionTranslationPostProcessor" />
</beans>