<?xml version="1.0" encoding="UTF-8"?>
<beans xmlns="http://www.springframework.org/schema/beans"
	xmlns:xsi="http://www.w3.org/2001/XMLSchema-instance" xmlns:context="http://www.springframework.org/schema/context"
	xmlns:aop="http://www.springframework.org/schema/aop" xmlns:tx="http://www.springframework.org/schema/tx"
	xsi:schemaLocation="http://www.springframework.org/schema/beans http://www.springframework.org/schema/beans/spring-beans-3.0.xsd
		http://www.springframework.org/schema/context http://www.springframework.org/schema/context/spring-context-3.0.xsd
		http://www.springframework.org/schema/tx http://www.springframework.org/schema/tx/spring-tx-3.0.xsd http://www.springframework.org/schema/aop http://www.springframework.org/schema/aop/spring-aop-3.0.xsd">

	<!-- SERVICE IDENTIFICATION -->
	<bean id="orasServiceClientFactory" class="org.apache.cxf.jaxws.JaxWsProxyFactoryBean">
		<property name="serviceClass"
			value="com.orange.interfaces.managelocationcustomerdatamanagement.v2.ManageLocationCustomerDataManagement" />
		<property name="address" value="${url.ws.oras}" />
		<property name="outInterceptors" ref="wss4jOutConfigurationOras" />
	</bean>

	<bean id="orasServiceGenerated" class="com.orange.interfaces.managelocationcustomerdatamanagement.v2.ManageLocationCustomerDataManagement"
		factory-bean="orasServiceClientFactory" factory-method="create" />

	<bean id="wss4jOutConfigurationOras" class="org.apache.cxf.ws.security.wss4j.WSS4JOutInterceptor">
		<constructor-arg>
			<map>
				<entry key="action" value="UsernameToken" />
				<entry key="passwordType" value="PasswordText" />
				<entry key="user" value="ws-client" />
				<entry key="passwordCallbackRef" value-ref="clientPasswordCallbackIdentification" />
				<!-- ORAS doesn't understand security headers -->
				<entry key="mustUnderstand" value="false" /> 
			</map>
		</constructor-arg>
	</bean>

	<bean id="clientPasswordCallbackIdentification"
		class="com.francetelecom.protosig.ws.ClientPasswordCallback">
		<property name="passwordParam" value="${webservice.oras.password}" />
		<property name="usernameParam" value="${webservice.oras.username}" />
	</bean>
</beans>