{
	"START_RPC" : ["com.francetelecom.protosig.presentation.client.Application"],
	"STOP_RPC" : ["com.francetelecom.protosig.presentation.client.Application"],
	"INFO" : ["com.francetelecom.protosig.presentation.client.Application"],
	"WARN" : ["com.francetelecom.protosig.presentation.client.Application"],
	"ERROR" : ["com.francetelecom.protosig.presentation.client.Application"],
	"MAP_AGENDA" : ["com.francetelecom.protosig.presentation.client.mvp.presenter.MapPresenter",
		"com.francetelecom.protosig.presentation.client.mvp.presenter.SideBarPresenter"],
	"REFRESH_MAP" : ["com.francetelecom.protosig.presentation.client.mvp.presenter.MapPresenter"],
	"INTER_DETAIL" : ["com.francetelecom.protosig.presentation.client.mvp.presenter.MapPresenter",
		"com.francetelecom.protosig.presentation.client.mvp.presenter.SideBarPresenter"],
	"CLOSE_PC_DETAIL" : ["com.francetelecom.protosig.presentation.client.mvp.presenter.SideBarPresenter"],
	"INTER_SELECT" : ["com.francetelecom.protosig.presentation.client.mvp.presenter.MapPresenter"],
	"INTER_GEO" : ["com.francetelecom.protosig.presentation.client.mvp.presenter.SideBarPresenter"],
	"RESET_MAP_ZOOM" : ["com.francetelecom.protosig.presentation.client.mvp.presenter.MapPresenter"],
	"DISPLAY_USER_POS" : ["com.francetelecom.protosig.presentation.client.mvp.presenter.MapPresenter"],
	"UI_MODE" : ["com.francetelecom.protosig.presentation.client.Application"],
	"CLOSEST_PC" : ["com.francetelecom.protosig.presentation.client.mvp.presenter.MapPresenter"],
	"CLOSE_PC_DETAIL" : ["com.francetelecom.protosig.presentation.client.mvp.presenter.MapPresenter",
		"com.francetelecom.protosig.presentation.client.mvp.presenter.SideBarPresenter"],
	"SWITCH_DND" : ["com.francetelecom.protosig.presentation.client.mvp.presenter.MapPresenter"]	
}