{
  "config" : 
  {
    "customer" : { "list" : [
		{ "code" : "clientName", "detail" : "true", "path" : "detailIntervention/bOTComplet/bClient/cnomu" },
		{ "code" : "nd", "detail" : "true", "path" : "detailIntervention/bIntervention/nd" },
		{ "code" : "group", "detail" : "false", "path" : "detailIntervention/bCheminDeFer/bCheminDeFerCuivre/ptCoupureCli/adrcli/cens" },
		{ "code" : "building", "detail" : "false", "path" : "detailIntervention/bCheminDeFer/bCheminDeFerCuivre/ptCoupureCli/adrcli/cobat" },
		{ "code" : "stair", "detail" : "false", "path" : "detailIntervention/bCheminDeFer/bCheminDeFerCuivre/ptCoupureCli/adrcli/cesca" },
		{ "code" : "level", "detail" : "false", "path" : "detailIntervention/bCheminDeFer/bCheminDeFerCuivre/ptCoupureCli/adrcli/cetag" },
		{ "code" : "door", "detail" : "false", "path" : "detailIntervention/bCheminDeFer/bCheminDeFerCuivre/ptCoupureCli/adrcli/cpor" },
		{ "code" : "number", "detail" : "true", "path" : "detailIntervention/bCheminDeFer/bCheminDeFerCuivre/ptCoupureCli/adrcli/cnov" },
		{ "code" : "numberComplement", "detail" : "false", "path" : "detailIntervention/bCheminDeFer/bCheminDeFerCuivre/ptCoupureCli/adrcli/complementVoie" },
		{ "code" : "street", "detail" : "true", "path" : "detailIntervention/bCheminDeFer/bCheminDeFerCuivre/ptCoupureCli/adrcli/lvoie" },
		{ "code" : "cityCode", "detail" : "true", "path" : "detailIntervention/bCheminDeFer/bCheminDeFerCuivre/ptCoupureCli/adrcli/ccom" },
		{ "code" : "cityName", "detail" : "true", "path" : "detailIntervention/bCheminDeFer/bCheminDeFerCuivre/ptCoupureCli/adrcli/lcom" },
		{ "code" : "comment", "detail" : "false", "path" : "detailIntervention/bCheminDeFer/bCheminDeFerCuivre/ptCoupureCli/adrcli/tad" }
	] },
	"pc" : { "list" : [
		{ "code" : "pcname", "detail" : "false", "path" : "detailIntervention/bCheminDeFer/bCheminDeFerCuivre/ptCoupurePc/nomPtCoupure" },
		{ "code" : "pccat", "detail" : "true", "path" : "detailIntervention/bCheminDeFer/bCheminDeFerCuivre/ptCoupurePc/categorie" },
		{ "code" : "specialDevice", "detail" : "true", "path" : "detailintervention/botcomplet/listbligne/0/listRpc/0/cdtpc" },
		{ "code" : "building", "detail" : "false", "path" : "detailIntervention/bCheminDeFer/bCheminDeFerCuivre/ptCoupurePc/adrPc/cobatpc" },
		{ "code" : "group", "detail" : "false", "path" : "detailIntervention/bCheminDeFer/bCheminDeFerCuivre/ptCoupurePc/adrPc/censpc" },
		{ "code" : "stair", "detail" : "false", "path" : "detailIntervention/bCheminDeFer/bCheminDeFerCuivre/ptCoupurePc/adrPc/cescapc" },
		{ "code" : "level", "detail" : "false", "path" : "detailIntervention/bCheminDeFer/bCheminDeFerCuivre/ptCoupurePc/adrPc/cetagpc" },
		{ "code" : "number", "detail" : "true", "path" : "detailIntervention/bCheminDeFer/bCheminDeFerCuivre/ptCoupurePc/adrPc/cnovpc" },
		{ "code" : "numberComplement", "detail" : "false", "path" : "detailIntervention/bCheminDeFer/bCheminDeFerCuivre/ptCoupurePc/adrPc/complementVoiepc" },
		{ "code" : "street", "detail" : "true", "path" : "detailIntervention/bCheminDeFer/bCheminDeFerCuivre/ptCoupurePc/adrPc/lvoiepc" },
		{ "code" : "comment", "detail" : "false", "path" : "detailIntervention/bCheminDeFer/bCheminDeFerCuivre/ptCoupurePc/adrPc/tadpc" },
		{ "code" : "cityCode", "detail" : "true", "path" : "detailIntervention/bCheminDeFer/bCheminDeFerCuivre/ptCoupurePc/adrPc/ccompc" },
		{ "code" : "cityName", "detail" : "true", "path" : "detailIntervention/bCheminDeFer/bCheminDeFerCuivre/ptCoupurePc/adrPc/lcompc" }
	] },
	"sr" : { "list" : [
		{ "code" : "srname", "detail" : "true", "path" : "detailIntervention/bCheminDeFer/bCheminDeFerCuivre/listPtCoupureSr/0/nomPtCoupure" },
		{ "code" : "number", "detail" : "true", "path" : "detailIntervention/bCheminDeFer/bCheminDeFerCuivre/listPtCoupureSr/0/adrSr/cnovsr" },
		{ "code" : "street", "detail" : "true", "path" : "detailIntervention/bCheminDeFer/bCheminDeFerCuivre/listPtCoupureSr/0/adrSr/lvoiesr" },
		{ "code" : "customerStreetComplement", "detail" : "false", "path" : "detailIntervention/bCheminDeFer/bCheminDeFerCuivre/ptCoupureCli/adrcli/tad" },
		{ "code" : "streetComplement", "detail" : "false", "path" : "detailIntervention/bCheminDeFer/bCheminDeFerCuivre/listPtCoupureSr/0/adrSr/tadsr" },
		{ "code" : "cityCode", "detail" : "true", "path" : "detailIntervention/bCheminDeFer/bCheminDeFerCuivre/listPtCoupureSr/0/adrSr/ccomsr" },
		{ "code" : "cityName", "detail" : "true", "path" : "detailIntervention/bCheminDeFer/bCheminDeFerCuivre/listPtCoupureSr/0/adrSr/lcomsr" }
	] },
	"re" : { "list" : [
		{ "code" : "rename", "detail" : "true", "path" : "detailIntervention/bCheminDeFer/bCheminDeFerCuivre/ptCoupureRe/nomPtCoupure" },
		{ "code" : "number", "detail" : "true", "path" : "detailIntervention/bCheminDeFer/bCheminDeFerCuivre/ptCoupureRe/adrRe/cnovpc" },
		{ "code" : "street", "detail" : "true", "path" : "detailIntervention/bCheminDeFer/bCheminDeFerCuivre/ptCoupureRe/adrRe/lvoie" },
		{ "code" : "customerStreetComplement", "detail" : "false", "path" : "detailIntervention/bCheminDeFer/bCheminDeFerCuivre/ptCoupureCli/adrcli/tad" },
		{ "code" : "streetComplement", "detail" : "false", "path" : "detailIntervention/bCheminDeFer/bCheminDeFerCuivre/ptCoupureRe/adrRe/tad" },
		{ "code" : "cityCode", "detail" : "true", "path" : "detailIntervention/bCheminDeFer/bCheminDeFerCuivre/ptCoupureRe/adrRe/ccom" },
		{ "code" : "cityName", "detail" : "true", "path" : "detailIntervention/bCheminDeFer/bCheminDeFerCuivre/ptCoupureRe/adrRe/lcom" }
	] }
  }
}
