<?xml version="1.0" encoding="UTF-8"?>
<persistence xmlns="http://java.sun.com/xml/ns/persistence"
	xmlns:xsi="http://www.w3.org/2001/XMLSchema-instance"
	xsi:schemaLocation="http://java.sun.com/xml/ns/persistence 
   http://java.sun.com/xml/ns/persistence/persistence_2_0.xsd"
	version="2.0">

	<!-- transaction-type is RESOURCE_LOCAL -->
	<persistence-unit name="protosigPersistenceUnitTest">

		<!-- Define mapped classes -->

		<class>com.francetelecom.protosig.bo.po.CityPO</class>
		<class>com.francetelecom.protosig.bo.po.PcPO</class>
		<class>com.francetelecom.protosig.bo.po.PcUpdatePO</class>
		<class>com.francetelecom.protosig.bo.po.CustomerUpdatePO</class>

		<!-- Avoid to scan *.class and *.hbm.xml -->
		<exclude-unlisted-classes />
		
		<validation-mode>NONE</validation-mode>

		<!-- hibernate provider configuration -->
		<!-- see http://docs.jboss.org/hibernate/core/3.6/reference/en-US/html/session-configuration.html -->
		<properties>
			<!--  replace with correct database dialect -->
			<property name="hibernate.dialect"
				value="org.hibernate.dialect.MySQL5InnoDBDialect" />
			<property name="hibernate.cache.use_second_level_cache"
				value="false" />
			<property name="hibernate.show_sql" value="true" />
			<property name="hibernate.format_sql" value="true" />
			<property name="hibernate.generate_statistics" value="true" />
			<property name="hibernate.connection.release_mode"
				value="auto" />

			<!-- No datasource for junit tests -->
			<property name="hibernate.connection.url" value="jdbc:mysql://localhost/ptic01" />
			<property name="hibernate.connection.driver_class" value="com.mysql.jdbc.Driver" />
			<property name="hibernate.connection.username" value="ptic01update"/>
			<property name="hibernate.connection.password" value="ptic01update"/>
			
			<!-- Validate the schema -->
			<property name="hibernate.hbm2ddl.auto" value="validate" />

		</properties>

	</persistence-unit>

</persistence>