<?xml version="1.0" encoding="UTF-8"?>
<persistence xmlns="http://java.sun.com/xml/ns/persistence"
	xmlns:xsi="http://www.w3.org/2001/XMLSchema-instance"
	xsi:schemaLocation="http://java.sun.com/xml/ns/persistence 
   http://java.sun.com/xml/ns/persistence/persistence_2_0.xsd"
	version="2.0">

	<!-- transaction-type is RESOURCE_LOCAL -->
	<persistence-unit name="protosigPersistenceUnit">
		<non-jta-data-source>
			jdbc/protosigDataSource
		</non-jta-data-source>

		<class>com.francetelecom.protosig.bo.po.CityPO</class>
		<class>com.francetelecom.protosig.bo.po.PcPO</class>
		<class>com.francetelecom.protosig.bo.po.PcUpdatePO</class>
		<class>com.francetelecom.protosig.bo.po.CustomerUpdatePO</class>

		<!-- Avoid to scan *.class and *.hbm.xml -->
		<exclude-unlisted-classes />
		
		<!-- TODO : change this value if using second level caching -->
		<shared-cache-mode>NONE</shared-cache-mode>
		
		<!-- Bean validation is deactivated by default -->
		<validation-mode>NONE</validation-mode>

		<!-- hibernate provider configuration -->
		<!-- see http://docs.jboss.org/hibernate/core/3.6/reference/en-US/html/session-configuration.html -->
		<properties>
			<property name="hibernate.dialect"
				value="org.hibernate.dialect.MySQL5InnoDBDialect" />
			<!-- set to 'true' if using second level caching -->
			<property name="hibernate.cache.use_second_level_cache"
				value="false" />
				<!-- TODO : uncomment if using second level caching -->
<!--			<property name="hibernate.cache.region.factory_class" -->
<!--				value="net.sf.ehcache.hibernate.SingletonEhCacheRegionFactory"/>-->
			<property name="hibernate.connection.release_mode"
				value="auto" />
			
			<!-- development configuration - switch to false in production mode -->
			<property name="hibernate.show_sql" value="false" />
			<property name="hibernate.format_sql" value="false" />
			<property name="hibernate.generate_statistics" value="f" />

		</properties>

	</persistence-unit>

</persistence>