<?xml version="1.0" encoding="UTF-8"?>
<jonas-connector xmlns="http://www.objectweb.org/jonas/ns"
 xmlns:xsi="http://www.w3.org/2001/XMLSchema-instance"
 xsi:schemaLocation="http://www.objectweb.org/jonas/ns
 http://www.objectweb.org/jonas/ns/jonas-connector_4_4.xsd" >
  
  <jndi-name>jdbc/protosigDataSource</jndi-name>
  <rarlink>JOnASJDBC_DM</rarlink>
  <log-enabled>false</log-enabled>
  <log-topic></log-topic>
  <pool-params>
    <pool-init>1</pool-init>
    <pool-min>2</pool-min>
    <pool-max>${config.databaseMaxConnexion}</pool-max>
    <pool-max-age>0</pool-max-age>
    <pstmt-max>120</pstmt-max>
    <pool-max-opentime>0</pool-max-opentime>
    <pool-max-waiters>0</pool-max-waiters>
    <pool-max-waittime>0</pool-max-waittime>
    <pool-sampling-period>30</pool-sampling-period>
  </pool-params>
  <jdbc-conn-params>
    <jdbc-check-level>0</jdbc-check-level>
    <jdbc-test-statement></jdbc-test-statement>
  </jdbc-conn-params>
  
  <jonas-config-property>
    <jonas-config-property-name>user</jonas-config-property-name>
    <jonas-config-property-value>${config.databaseLogin}</jonas-config-property-value>
  </jonas-config-property>
  <jonas-config-property>
    <jonas-config-property-name>password</jonas-config-property-name>
    <jonas-config-property-value>${config.databasePassword}</jonas-config-property-value>
  </jonas-config-property>
  <jonas-config-property>
    <jonas-config-property-name>loginTimeout</jonas-config-property-name>
    <jonas-config-property-value></jonas-config-property-value>
  </jonas-config-property>
  <jonas-config-property>
    <jonas-config-property-name>URL</jonas-config-property-name>
    <jonas-config-property-value>${config.databaseUrl}</jonas-config-property-value>
  </jonas-config-property>
  <jonas-config-property>
    <jonas-config-property-name>dsClass</jonas-config-property-name>
    <jonas-config-property-value>com.mysql.jdbc.Driver</jonas-config-property-value>
  </jonas-config-property>
  <jonas-config-property>
    <jonas-config-property-name>mapperName</jonas-config-property-name>
    <jonas-config-property-value>rdb.mysql</jonas-config-property-value>
  </jonas-config-property>
  
</jonas-connector>

