<?xml version="1.0" encoding="UTF-8"?>
<connector id="Connector_ID" version="1.5" xmlns="http://java.sun.com/xml/ns/j2ee" xmlns:xsi="http://www.w3.org/2001/XMLSchema-instance" xsi:schemaLocation="http://java.sun.com/xml/ns/j2ee http://java.sun.com/xml/ns/j2ee/connector_1_5.xsd"> 
	<description></description>
	<display-name>protosig-rar</display-name>
 	<vendor-name></vendor-name>
  	<eis-type></eis-type>
  	<resourceadapter-version></resourceadapter-version>                                  
  	<resourceadapter>
  	</resourceadapter>
</connector>
