<!DOCTYPE ui:UiBinder SYSTEM "http://dl.google.com/gwt/DTD/xhtml.ent">
<ui:UiBinder xmlns:ui="urn:ui:com.google.gwt.uibinder"
	xmlns:g="urn:import:com.google.gwt.user.client.ui"
	xmlns:w="urn:import:com.francetelecom.protosig.presentation.client.widget">
	<ui:style>
		
	</ui:style>
	<g:FlowPanel>
		<g:FlowPanel ui:field="agendaHeader" styleName="agendaHeader">
			<g:FlowPanel styleName="legendPanel" ui:field="legendPanel">
				<g:Button styleName="legendButton" ui:field="legendButton" />
				<g:Image styleName="legend" ui:field="legend" />
			</g:FlowPanel>
			<w:NonResourceImageButton ui:field="localizeButton" styleName="bouton orange nano floatleft" image="images/icn_recentrer_user.png"/>
			<g:Label ui:field="dateLabel"/>
			<w:NonResourceImageButton ui:field="refreshButton" styleName="bouton orange nano floatright" image="images/icn_recentrer_item.png"/>
		</g:FlowPanel>
		<g:Grid ui:field="hourColumn" styleName="hourColumn" cellPadding="0" cellSpacing="0"/>
		<g:Grid ui:field="interColumn" styleName="interColumn" cellPadding="0" cellSpacing="0"/>
	</g:FlowPanel>
</ui:UiBinder> 