<!DOCTYPE ui:UiBinder SYSTEM "http://dl.google.com/gwt/DTD/xhtml.ent">
<ui:UiBinder xmlns:ui="urn:ui:com.google.gwt.uibinder"
	xmlns:g="urn:import:com.google.gwt.user.client.ui">
	<ui:style>
		
	</ui:style>
	<ui:with field='res' type='com.francetelecom.protosig.presentation.client.resources.Constantes'/>
	
	<g:FlowPanel styleName="popup">
		<g:Label styleName="title" text="{res.posMethod_title}"/>
		<g:Button styleName="gps" ui:field="gpsButton" text="{res.posMethod_gps}"/>
		<g:Button styleName="hand" ui:field="handButton" text="{res.posMethod_hand}"/>
	</g:FlowPanel>
</ui:UiBinder> 