<!DOCTYPE ui:UiBinder SYSTEM "http://dl.google.com/gwt/DTD/xhtml.ent">
<ui:UiBinder xmlns:ui="urn:ui:com.google.gwt.uibinder"
	xmlns:g="urn:import:com.google.gwt.user.client.ui"
	xmlns:w="urn:import:com.francetelecom.protosig.presentation.client.widget">
	<ui:style>
		
	</ui:style>
	<ui:with field='res' type='com.francetelecom.protosig.presentation.client.resources.Constantes'/>
	<g:FlowPanel>
		<g:FlowPanel styleName="detailHeader" >
			<g:FlowPanel styleName="legendPanel" ui:field="legendPanel">
				<g:Button styleName="legendButton" ui:field="legendButton" />
				<g:Image styleName="legend" ui:field="legend" />
			</g:FlowPanel>		
			<w:NonResourceImageButton ui:field="localizeButton" styleName="bouton orange nano floatleft" image="images/icn_recentrer_user.png"/>
			<g:Button ui:field="backButton" styleName="bouton orange petit" text="{res.button_back}"/>
			<w:NonResourceImageButton ui:field="refreshButton" styleName="bouton orange nano floatright" image="images/icn_recentrer_item.png"/>
		</g:FlowPanel>
		<g:FlowPanel>

		
			<g:FlowPanel styleName="closePcHeader">
				<w:NonResourceImageButton ui:field="prevButton" styleName="bouton orange nano floatleft" image="images/icn_previous.png"/>
				<g:Label ui:field="titleLabel" styleName="title"/>
				<w:NonResourceImageButton ui:field="nextButton" styleName="bouton orange nano floatright" image="images/icn_next.png"/>
			</g:FlowPanel>

			<g:FlowPanel styleName="constit">				
				<g:Label styleName="formLabel" text="{res.form_const_centre}"/>
				<g:Label styleName="formLabel" text="{res.form_const_zone}"/>
				<g:Label styleName="formLabel" text="{res.form_const_type}"/>
				<g:Label styleName="formLabel" text="{res.form_const_dispo}"/>
				<g:Label styleName="formValue" ui:field="centreValue"/>
				<g:Label styleName="formValue" ui:field="zoneValue"/>
				<g:Label styleName="formValue" ui:field="typeValue"/>
				<g:Label styleName="formValue" ui:field="dispoValue"/>
			</g:FlowPanel>

			<g:Label styleName="formLabel" text="{res.form_reference}"/>
			<g:Label styleName="formValue" ui:field="referenceValue"/>
			
			<g:Label styleName="formLabel" text="{res.form_address}"/>
			<g:Label styleName="formValue" ui:field="addressValue"/>

			<g:Label styleName="formLabel" text="{res.form_pcDescTech}"/>
			<g:Label styleName="formValue" ui:field="descTechValue"/>

			<g:Label styleName="formLabel" text="{res.form_pcComment}"/>
			<g:Label styleName="formValue" ui:field="commentValue"/>
		</g:FlowPanel>
		<g:FlowPanel styleName="footerPanel">
			<w:NonResourceImageButton ui:field="clientPosButton" styleName="bouton orange nano floatleft" image="images/icn_repositionner_item.png"/>
			<g:Button ui:field="editButton" styleName="bouton orange petit" text="{res.button_edit}"/>
			<g:Button ui:field="tamButton" styleName="bouton orange petit floatright" text="{res.button_tam}"/>
			<g:Button ui:field="cancelButton" styleName="bouton gris petit floatleft" text="{res.button_cancel}" visible="false"/>
			<g:Button ui:field="saveButton" styleName="bouton orange petit floatright" text="{res.button_save}" visible="false"/>
		</g:FlowPanel>
	</g:FlowPanel>
</ui:UiBinder> 