<!DOCTYPE ui:UiBinder SYSTEM "http://dl.google.com/gwt/DTD/xhtml.ent">
<ui:UiBinder xmlns:ui="urn:ui:com.google.gwt.uibinder"
	xmlns:g="urn:import:com.google.gwt.user.client.ui">
	<ui:style>
		
	</ui:style>
	<ui:with field='res' type='com.francetelecom.protosig.presentation.client.resources.Constantes'/>
	
	<g:FlowPanel styleName="editForm">
		<g:Label styleName="formTitle" text="{res.form_title_editcustomer}"/>
		<g:FlowPanel styleName="twocolumns">
			<g:FlowPanel>
				<g:Label styleName="formLabel" text="{res.form_clientName}"/>
				<g:TextBox ui:field="clientNameValue" styleName="formValue" enabled="false"/>
			</g:FlowPanel>
			<g:FlowPanel>
				<g:Label styleName="formLabel" text="{res.form_nd}"/>
				<g:TextBox ui:field="ndValue" styleName="formValue medium" enabled="false"/>
			</g:FlowPanel>
		</g:FlowPanel>
		<g:Label styleName="formTitle" text="{res.form_title_address}"/>
		<g:FlowPanel styleName="threecolumns shaded">
			<g:Label styleName="formLabel" text="{res.form_door}"/>
			<g:TextBox ui:field="doorValue" styleName="formValue" />
			<g:Label styleName="formLabel" text="{res.form_level}"/>
			<g:TextBox ui:field="levelValue" styleName="formValue" />
			<g:Label styleName="formLabel" text="{res.form_stair}"/>
			<g:TextBox ui:field="stairValue" styleName="formValue" />
			<g:Label styleName="formLabel" text="{res.form_group}"/>
			<g:TextBox ui:field="groupValue" styleName="formValue" />
			<g:Label styleName="formLabel" text="{res.form_building}"/>
			<g:TextBox ui:field="buildingValue" styleName="formValue" />
		</g:FlowPanel>
		<g:FlowPanel styleName="twocolumns">
			<g:Label styleName="formLabel" text="{res.form_number}"/>
			<g:TextBox ui:field="numberValue" styleName="formValue small" />
			<g:Label styleName="formLabel" text="{res.form_numberComplement}"/>
			<g:TextBox ui:field="numberComplementValue" styleName="formValue" />
			<g:Label styleName="formLabel" text="{res.form_street}"/>
			<g:TextBox ui:field="streetValue" styleName="formValue" />
		</g:FlowPanel>
		<g:FlowPanel styleName="twocolumns shaded">		
			<g:Label styleName="formLabel" text="{res.form_cityCode}"/>
			<g:TextBox ui:field="cityCodeValue" styleName="formValue small" />
			<g:Label styleName="formLabel" text="{res.form_cityName}"/>
			<g:TextBox ui:field="cityNameValue" styleName="formValue" />
		</g:FlowPanel>
		<g:FlowPanel styleName="onecolumn">
			<g:Label styleName="formLabel" text="{res.form_comment}"/>
			<g:TextArea ui:field="commentValue" styleName="formValue" />
		</g:FlowPanel>
		<g:FlowPanel styleName="footer shaded">
			<g:Button ui:field="cancelButton" styleName="bouton gris petit cancelButton" text="{res.button_cancel}"/>
			<g:Button ui:field="saveButton" styleName="bouton orange petit" text="{res.button_save}"/>
		</g:FlowPanel>
	</g:FlowPanel>
</ui:UiBinder> 