<!DOCTYPE ui:UiBinder SYSTEM "http://dl.google.com/gwt/DTD/xhtml.ent">
<ui:UiBinder xmlns:ui="urn:ui:com.google.gwt.uibinder"
	xmlns:g="urn:import:com.google.gwt.user.client.ui">
	<ui:style>
		
	</ui:style>
	<ui:with field='res' type='com.francetelecom.protosig.presentation.client.resources.Constantes'/>
	
	<g:FlowPanel styleName="editForm">
		<g:Label styleName="formTitle" text="{res.form_title_editpc}"/>
		<g:FlowPanel styleName="col1">
			<g:Label styleName="formTitle" text="{res.form_title_tech}"/>
			<g:FlowPanel>
				<g:Label styleName="formLabel" text="{res.form_pccat}"/>
				<g:TextBox ui:field="pccatValue" styleName="formValue" enabled="false"/>
				<g:Label styleName="formLabel" text="{res.form_specialDevice}"/>
				<g:TextBox ui:field="specialDeviceValue" styleName="formValue" enabled="false"/>
			</g:FlowPanel>
		</g:FlowPanel>
		<g:FlowPanel styleName="col2">
			<g:Label styleName="formTitle" text="{res.form_title_coords}"/>
			<g:FlowPanel styleName="shaded">
				<g:Label styleName="formLabel" text="{res.form_level}"/>
				<g:TextBox ui:field="levelValue" styleName="formValue" width="50px"/>
				<g:Label styleName="formLabel" text="{res.form_stair}" width="120px"/>
				<g:TextBox ui:field="stairValue" styleName="formValue" width="250px"/>
				<g:Label styleName="formLabel" text="{res.form_building}"/>
				<g:TextBox ui:field="buildingValue" styleName="formValue" width="50px"/>
				<g:Label styleName="formLabel" text="{res.form_group}" width="120px"/>
				<g:TextBox ui:field="groupValue" styleName="formValue" width="250px"/>
			</g:FlowPanel>
			<g:FlowPanel>
				<g:Label styleName="formLabel" text="{res.form_number}"/>
				<g:TextBox ui:field="numberValue" styleName="formValue" width="50px"/>
				<g:Label styleName="formLabel" text="{res.form_street}" width="120px"/>
				<g:TextBox ui:field="streetValue" styleName="formValue" width="250px" enabled="false"/>
				<g:Label styleName="formLabel" text="{res.form_cityCode}"/>
				<g:TextBox ui:field="cityCodeValue" styleName="formValue" width="50px" enabled="false"/>
				<g:Label styleName="formLabel" text="{res.form_cityName}" width="120px"/>
				<g:TextBox ui:field="cityNameValue" styleName="formValue" width="250px" enabled="false"/>
			</g:FlowPanel>
			<g:FlowPanel styleName="shaded">
				<g:Label styleName="formLabel" text="{res.form_comment}"/>
				<g:TextArea ui:field="commentValue" styleName="formValue" width="443px"/>
			</g:FlowPanel>
		</g:FlowPanel>
		<g:FlowPanel styleName="footer shaded">
			<g:Button ui:field="cancelButton" styleName="bouton gris petit cancelButton" text="{res.button_cancel}"/>
			<g:Button ui:field="saveButton" styleName="bouton orange petit" text="{res.button_save}"/>
		</g:FlowPanel>
	</g:FlowPanel>
</ui:UiBinder> 