<!DOCTYPE ui:UiBinder SYSTEM "http://dl.google.com/gwt/DTD/xhtml.ent">
<ui:UiBinder xmlns:ui="urn:ui:com.google.gwt.uibinder"
	xmlns:g="urn:import:com.google.gwt.user.client.ui"
	xmlns:w="urn:import:com.francetelecom.protosig.presentation.client.widget">
	<ui:style>
		
	</ui:style>
	<ui:with field='res' type='com.francetelecom.protosig.presentation.client.resources.Constantes'/>
	<g:FlowPanel>
		<g:FlowPanel styleName="detailHeader" >
			<g:FlowPanel styleName="legendPanel" ui:field="legendPanel">
				<g:Button styleName="legendButton" ui:field="legendButton" />
				<g:Image styleName="legend" ui:field="legend" />
			</g:FlowPanel>		
			<w:NonResourceImageButton ui:field="localizeButton" styleName="bouton orange nano floatleft" image="images/icn_recentrer_user.png"/>
			<g:Button ui:field="backButton" styleName="bouton orange petit" text="{res.button_back}"/>
			<w:NonResourceImageButton ui:field="refreshButton" styleName="bouton orange nano floatright" image="images/icn_recentrer_item.png"/>
		</g:FlowPanel>
		<g:FlowPanel ui:field="detailContentPanel"/>
		<g:FlowPanel styleName="footerPanel">
			<w:NonResourceImageButton ui:field="clientPosButton" styleName="bouton orange nano floatleft" image="images/icn_repositionner_item.png"/>
			<g:Button ui:field="editButton" styleName="bouton orange petit" text="{res.button_edit}"/>
			<w:NonResourceImageButton ui:field="findPcButton" styleName="bouton orange nano floatright" image="images/icn_pc_voisins.png"/>
			<g:Button ui:field="cancelButton" styleName="bouton gris petit floatleft" text="{res.button_cancel}" visible="false"/>
			<g:Button ui:field="saveButton" styleName="bouton orange petit floatright" text="{res.button_save}" visible="false"/>
		</g:FlowPanel>
	</g:FlowPanel>
</ui:UiBinder> 