<!DOCTYPE ui:UiBinder SYSTEM "http://dl.google.com/gwt/DTD/xhtml.ent">
<ui:UiBinder xmlns:ui="urn:ui:com.google.gwt.uibinder"
	xmlns:g="urn:import:com.google.gwt.user.client.ui"
	xmlns:w="urn:import:com.francetelecom.protosig.presentation.client.widget">
	<ui:style type="com.francetelecom.protosig.presentation.client.widget.TamWidget.Style">
		.pair {
		    border: 6px solid #AAA;
		    border-radius:10px;
		    display: block;
		    float: left;
		    height: 50px;
		    margin-bottom: 20px;
		    margin-right: 20px;
		    padding-top: 20px;
		    text-align: center;
		    width: 100px;			
		    background-color:#DDD;	
		}
		.clear {
			clear:both;
			margin-left:65px;
		}
		.pairsPanel {
			margin-left:150px;
			padding-top:100px;
		}
		.dispo {
			background-color:#999;
		}
		.red {
			border-color: #F00;
		}
		.green {
			border-color:#0F0;
		}
	</ui:style>
	<g:HTMLPanel width="728px" height="358px" >
		<g:FlowPanel styleName="constit">
			<g:Label styleName="formLabel" text="Centre" />
			<g:Label styleName="formLabel" text="Zone" />
			<g:Label styleName="formLabel" text="Tête" />
			<g:Label styleName="formLabel" text="Amorce"/>
			<g:Label styleName="formValue" ui:field="centreLabel" />
			<g:Label styleName="formValue" ui:field="zoneLabel" />
			<g:Label styleName="formValue" ui:field="headLabel" />
			<w:NonResourceImageButton ui:field="prevButton" styleName="bouton orange nano floatleft" image="images/icn_previous.png"/>
			<g:Label styleName="formValue" ui:field="amorceLabel" width="10%"/>
			<w:NonResourceImageButton ui:field="nextButton" styleName="bouton orange nano floatleft" image="images/icn_next.png"/>
		</g:FlowPanel>
		<g:FlowPanel styleName="{style.pairsPanel}">
			<g:Label styleName="{style.pair}" ui:field="pair1Label" />
			<g:Label styleName="{style.pair}" ui:field="pair2Label" />
			<g:Label styleName="{style.pair}" ui:field="pair3Label" />
			<g:Label styleName="{style.pair}" ui:field="pair4Label" />
			<g:Label styleName="{style.pair} {style.clear}" ui:field="pair5Label" />
			<g:Label styleName="{style.pair}" ui:field="pair6Label" />
			<g:Label styleName="{style.pair}" ui:field="pair7Label" />
		</g:FlowPanel>
	</g:HTMLPanel>
</ui:UiBinder> 